,Title,Link
0,UK declares national emergency,https://arynews.tv/uk-declares-national-emergency/
1,PM Shehbaz Sharif announces reduction in fuel prices,https://arynews.tv/pm-shehbaz-sharif-announces-reduction-in-fuel-prices/
2,"Colonel Laiq Mirza martyred, two terrorists killed in Balochistan: ISPR",https://arynews.tv/colonel-laiq-mirza-martyred-two-terrorists-killed-in-balochistan-ispr/
3,PM Shehbaz Sharif to address nation tonight,https://arynews.tv/pm-shehbaz-sharif-to-address-nation-tonight/
4,Imran Khan asks govt to slash fuel prices,https://arynews.tv/imran-khan-asks-govt-to-slash-fuel-prices/
5,Govt begins working on action under Article 6: Rana Sanaullah,https://arynews.tv/govt-begins-working-on-action-under-article-6-rana-sanaullah/
6,vivo And ZEISS — A Partnership to Redefine and Shape the Future of Mobile Imaging,https://arynews.tv/vivo-zeiss-partnership-mobile-imaging/
7,LIFEBUOY LAUNCHES FREE DOCTOR CONSULTATION SERVICE NATIONWIDE IN COLLABORATION WITH SEHAT KAHANI,https://arynews.tv/lifebuoy-sehat-kahani-free-doctor-consultation/
8,SnackVideo wins best social media campaign award at Pakistan Digital Award 2022 for SalamKissan campaign,https://arynews.tv/snackvideo-salamkissan-campaign-award/
9,Twitter v. Musk: How the judge made a rare ruling,https://arynews.tv/twitter-v-musk-how-the-judge-made-a-rare-ruling/
10,UK declares national emergency,https://arynews.tv/uk-declares-national-emergency/
11,Contenders to be next UK PM to face off in TV debate,https://arynews.tv/contenders-to-be-next-uk-prime-minister-to-face-off-in-tv-debate/
12,Twitter v. Musk: How the judge made a rare ruling,https://arynews.tv/twitter-v-musk-how-the-judge-made-a-rare-ruling/
13,Saudi sovereign fund to become Aston Martin’s no.2 shareholder,https://arynews.tv/saudi-aston-martins-no-2-shareholder/
14,Spain daily gas demand for power hits new record,https://arynews.tv/spain-daily-gas-demand-for-power-hits-new-record/
15,Twitter v. Musk: How the judge made a rare ruling,https://arynews.tv/twitter-v-musk-how-the-judge-made-a-rare-ruling/
16,Canada clears Moderna’s COVID vaccine for children under 5,https://arynews.tv/canada-clears-modernas-covid-vaccine-for-children-under-5/
17,Facebook-owner Meta releases first human rights report,https://arynews.tv/facebook-owner-meta-releases-first-human-rights-report/
18,Movie Review: The Man from Toronto,https://arynews.tv/movie-review-the-man-from-toronto/
19,The British Museum of “Loot”?,https://arynews.tv/british-museum-of-loot-blog/
20,Interview: ‘The narrative around hydro in Pakistan remains superficial’,https://arynews.tv/interview-the-narrative-around-hydro-in-pakistan-remains-superficial/
21,Punjab by-polls: ECP admits errors in voter lists after PTI’s complaint,https://arynews.tv/punjab-by-polls-ecp-admits-errors-in-voter-lists-after-pti-complaint/
22,"Spain responsible for violence against woman, UN body finds",https://arynews.tv/spain-responsible-for-violence-against-woman-un-body-finds/
23,PM Shehbaz Sharif pays tribute to martyr Lt. Colonel Laiq Baig Mirza,https://arynews.tv/pm-shehbaz-sharif-pays-tribute-to-martyr-lt-colonel-laiq-baig-mirza/
24,Biden heads to Saudi Arabia amid tension on oil,https://arynews.tv/biden-heads-to-saudi-arabia-amid-tension-on-oil/
25,"Money laundering case: Salman Shehbaz, Tahir Naqvi declared absconders",https://arynews.tv/salman-shehbaz-tahir-naqvi-declared-absconders/
26,Energy crisis: Power shortfall recedes to 3000 MW,https://arynews.tv/energy-crisis-power-shortfall-recedes-to-3000-mw/
27,Sindh LG Polls 2nd phase: 532 PPP candidates elected unopposed,https://arynews.tv/sindh-lg-polls-2nd-phase-532-ppp-candidates-elected-unopposed/
28,Lahore: Imran Riaz Khan offloaded from plane,https://arynews.tv/lahore-imran-riaz-khan-offloaded-from-plane/
29,Twitter v. Musk: How the judge made a rare ruling,https://arynews.tv/twitter-v-musk-how-the-judge-made-a-rare-ruling/
30,Ms Marvel: Twitterati isn’t over the season finale yet,https://arynews.tv/ms-marvel-twitterati-isnt-over-the-season-finale-yet/
31,Punjab by-polls: ECP admits errors in voter lists after PTI’s complaint,https://arynews.tv/punjab-by-polls-ecp-admits-errors-in-voter-lists-after-pti-complaint/
32,UK declares national emergency,https://arynews.tv/uk-declares-national-emergency/
33,Contenders to be next UK PM to face off in TV debate,https://arynews.tv/contenders-to-be-next-uk-prime-minister-to-face-off-in-tv-debate/
34,"Spain responsible for violence against woman, UN body finds",https://arynews.tv/spain-responsible-for-violence-against-woman-un-body-finds/
35,Saudi sovereign fund to become Aston Martin’s no.2 shareholder,https://arynews.tv/saudi-aston-martins-no-2-shareholder/
36,Canada clears Moderna’s COVID vaccine for children under 5,https://arynews.tv/canada-clears-modernas-covid-vaccine-for-children-under-5/
37,Optical illusion: Can you spot the cat among women under 20 seconds?,https://arynews.tv/can-you-spot-a-cat-in-this-optical-illusion/
38,"In China’s Wuhan, cholera-causing bacteria strikes nerve",https://arynews.tv/wuhan-cholera-causing-bacteria-strikes-nerve/
39,How exiting FATF greylist is helpful for common Pakistani?,https://arynews.tv/exiting-fatf-greylist-helpful-common-pakistani/
40,"Colors, aroma, and freshness galore; the story of Karachi’s only Flower Market at Teen Hatti",https://arynews.tv/colors-aroma-and-freshness-galore-the-story-of-karachis-only-flower-market-at-teen-hatti/
41,"Karachi lady constable, brother severely injured in acid attack",https://arynews.tv/karachi-lady-constable-brother-injured-acid-attack/
42,Little left to allocate for development projects in FY-2022-23 budget,https://arynews.tv/little-left-to-allocate-for-development-projects-in-fy-2022-23-budget/
43,"Meet Mahnoor, a proud lady driver from Lyari, Karachi",https://arynews.tv/https-arynews-tv-meet-mahnoor-proer-lyari-karachi/
44,PM Shehbaz Sharif pays tribute to martyr Lt. Colonel Laiq Baig Mirza,https://arynews.tv/pm-shehbaz-sharif-pays-tribute-to-martyr-lt-colonel-laiq-baig-mirza/
45,"Money laundering case: Salman Shehbaz, Tahir Naqvi declared absconders",https://arynews.tv/salman-shehbaz-tahir-naqvi-declared-absconders/
46,Ms Marvel: Twitterati isn’t over the season finale yet,https://arynews.tv/ms-marvel-twitterati-isnt-over-the-season-finale-yet/
47,"Sophie Turner, Joe Jonas welcome their second child",https://arynews.tv/sophie-turner-joe-jonas-welcome-their-second-child/
48,Beyonce makes a smashing debut on TikTok,https://arynews.tv/beyonce-makes-smashing-debut-on-tiktok/
49,Sushmita Sen is dating Lalit Modi; Latter makes relationship official,https://arynews.tv/sushmita-sen-is-dating-lalit-modi-latter-makes-relationship-official/
50,Falak Shabir wins the internet with birthday surprise for Sarah Khan,https://arynews.tv/falak-shabir-birthday-surprise-for-sarah-khan-viral/
51,Aisha Khan shares first glimpse of baby boy; picture goes viral,https://arynews.tv/aisha-khan-first-glimpse-of-son-viral/
